[
  {
    "value": "a little bit of sugar",
    "synonyms": [
      "a little bit of sugar"
    ]
  },
  {
    "value": "a little bit of brown sugar",
    "synonyms": [
      "a little bit of brown sugar"
    ]
  },
  {
    "value": "a little bit of sweetener",
    "synonyms": [
      "a little bit of sweetener"
    ]
  },
  {
    "value": "a bit of sugar",
    "synonyms": [
      "a bit of sugar"
    ]
  },
  {
    "value": "a bit of brown sugar",
    "synonyms": [
      "a bit of brown sugar"
    ]
  },
  {
    "value": "a bit of sweetener",
    "synonyms": [
      "a bit of sweetener"
    ]
  },
  {
    "value": "some sugar",
    "synonyms": [
      "some sugar"
    ]
  },
  {
    "value": "some brown sugar",
    "synonyms": [
      "some brown sugar"
    ]
  },
  {
    "value": "some sweetener",
    "synonyms": [
      "some sweetener"
    ]
  },
  {
    "value": "a lot of sugar",
    "synonyms": [
      "a lot of sugar"
    ]
  },
  {
    "value": "a lot of brown sugar",
    "synonyms": [
      "a lot of brown sugar"
    ]
  },
  {
    "value": "a lot of sweetener",
    "synonyms": [
      "a lot of sweetener"
    ]
  },
  {
    "value": "lots of sugar",
    "synonyms": [
      "lots of sugar"
    ]
  },
  {
    "value": "lots of brown sugar",
    "synonyms": [
      "lots of brown sugar"
    ]
  },
  {
    "value": "lots of sweetener",
    "synonyms": [
      "lots of sweetener"
    ]
  },
  {
    "value": "sugar",
    "synonyms": [
      "sugar"
    ]
  },
  {
    "value": "brown sugar",
    "synonyms": [
      "brown sugar"
    ]
  },
  {
    "value": "sweetener",
    "synonyms": [
      "sweetener"
    ]
  }
]