lemma,poscode,surface
milk,0,milk
a little bit of milk,0,a little bit of milk
a bit of milk,0,a bit of milk
some milk,0,some milk
a lot of milk,0,a lot of milk
lots of milk,0,lots of milk
skim milk,0,skim milk
a little bit of skim milk,0,a little bit of skim milk
a bit of skim milk,0,a bit of skim milk
some skim milk,0,some skim milk
a lot of skim milk,0,a lot of skim milk
lots of skim milk,0,lots of skim milk
whole milk,0,whole milk
a little bit of whole milk,0,a little bit of whole milk
a bit of whole milk,0,a bit of whole milk
some whole milk,0,some whole milk
a lot of whole milk,0,a lot of whole milk
lots of whole milk,0,lots of whole milk
soy milk,0,soy milk
a little bit of soy milk,0,a little bit of soy milk
a bit of soy milk,0,a bit of soy milk
some soy milk,0,some soy milk
a lot of soy milk,0,a lot of soy milk
lots of soy milk,0,lots of soy milk
almond milk,0,almond milk
a little bit of almond milk,0,a little bit of almond milk
a bit of almond milk,0,a bit of almond milk
some almond milk,0,some almond milk
a lot of almond milk,0,a lot of almond milk
lots of almond milk,0,lots of almond milk
cream,0,cream
a little bit of cream,0,a little bit of cream
a bit of cream,0,a bit of cream
some cream,0,some cream
a lot of cream,0,a lot of cream
lots of cream,0,lots of cream
