lemma,poscode,surface
sugar,0,sugar
a little bit of sugar,0,a little bit of sugar
a bit of sugar,0,a bit of sugar
some sugar,0,some sugar
a lot of sugar,0,a lot of sugar
lots of sugar,0,lots of sugar
brown sugar,0,brown sugar
a little bit of brown sugar,0,a little bit of brown sugar
a bit of brown sugar,0,a bit of brown sugar
some brown sugar,0,some brown sugar
a lot of brown sugar,0,a lot of brown sugar
lots of brown sugar,0,lots of brown sugar
sweetener,0,sweetener
a little bit of sweetener,0,a little bit of sweetener
a bit of sweetener,0,a bit of sweetener
some sweetener,0,some sweetener
a lot of sweetener,0,a lot of sweetener
lots of sweetener,0,lots of sweetener
