[
  {
    "value": "a little bit of milk",
    "synonyms": [
      "a little bit of milk"
    ]
  },
  {
    "value": "a little bit of skim milk",
    "synonyms": [
      "a little bit of skim milk"
    ]
  },
  {
    "value": "a little bit of whole milk",
    "synonyms": [
      "a little bit of whole milk"
    ]
  },
  {
    "value": "a little bit of soy milk",
    "synonyms": [
      "a little bit of soy milk"
    ]
  },
  {
    "value": "a little bit of almond milk",
    "synonyms": [
      "a little bit of almond milk"
    ]
  },
  {
    "value": "a little bit of cream",
    "synonyms": [
      "a little bit of cream"
    ]
  },
  {
    "value": "a bit of milk",
    "synonyms": [
      "a bit of milk"
    ]
  },
  {
    "value": "a bit of skim milk",
    "synonyms": [
      "a bit of skim milk"
    ]
  },
  {
    "value": "a bit of whole milk",
    "synonyms": [
      "a bit of whole milk"
    ]
  },
  {
    "value": "a bit of soy milk",
    "synonyms": [
      "a bit of soy milk"
    ]
  },
  {
    "value": "a bit of almond milk",
    "synonyms": [
      "a bit of almondmilk"
    ]
  },
  {
    "value": "a bit of cream",
    "synonyms": [
      "a bit of cream"
    ]
  },
  {
    "value": "some milk",
    "synonyms": [
      "some milk"
    ]
  },
  {
    "value": "some skim milk",
    "synonyms": [
      "some skim milk"
    ]
  },
  {
    "value": "some whole milk",
    "synonyms": [
      "some whole milk"
    ]
  },
  {
    "value": "some soy milk",
    "synonyms": [
      "some soy milk"
    ]
  },
  {
    "value": "some almond milk",
    "synonyms": [
      "some almond milk"
    ]
  },
  {
    "value": "some cream",
    "synonyms": [
      "some cream"
    ]
  },
  {
    "value": "lots of milk",
    "synonyms": [
      "lots of milk"
    ]
  },
  {
    "value": "lots of skim milk",
    "synonyms": [
      "lots of skim milk"
    ]
  },
  {
    "value": "lots of whole milk",
    "synonyms": [
      "lots of whole milk"
    ]
  },
  {
    "value": "lots of soy milk",
    "synonyms": [
      "lots of soy milk"
    ]
  },
  {
    "value": "lots of almond milk",
    "synonyms": [
      "lots of almond milk"
    ]
  },
  {
    "value": "lots of cream",
    "synonyms": [
      "lots of cream"
    ]
  },
  {
    "value": "a lot of milk",
    "synonyms": [
      "a lot of milk"
    ]
  },
  {
    "value": "a lot of whole milk",
    "synonyms": [
      "a lot of whole milk"
    ]
  },
  {
    "value": "a lot of skim milk",
    "synonyms": [
      "a lot of skim milk"
    ]
  },
  {
    "value": "a lot of soy milk",
    "synonyms": [
      "a lot of soy milk"
    ]
  },
  {
    "value": "a lot of almond milk",
    "synonyms": [
      "a lot of almond milk"
    ]
  },
  {
    "value": "a lot of cream",
    "synonyms": [
      "a lot of cream"
    ]
  },
  {
    "value": "milk",
    "synonyms": [
      "milk"
    ]
  },
  {
    "value": "skim milk",
    "synonyms": [
      "skim milk"
    ]
  },
  {
    "value": "whole milk",
    "synonyms": [
      "whole milk"
    ]
  },
  {
    "value": "cream",
    "synonyms": [
      "cream"
    ]
  },
  {
    "value": "soy milk",
    "synonyms": [
      "soy milk"
    ]
  },
  {
    "value": "almond milk",
    "synonyms": [
      "almond milk"
    ]
  }
]