[
  {
    "value": "small",
    "synonyms": [
      "small"
    ]
  },
  {
    "value": "medium",
    "synonyms": [
      "medium"
    ]
  },
  {
    "value": "large",
    "synonyms": [
      "large"
    ]
  },
  {
    "value": "eight ounce",
    "synonyms": [
      "eight ounce"
    ]
  },
  {
    "value": "twelve ounce",
    "synonyms": [
      "twelve ounce"
    ]
  },
  {
    "value": "sixteen ounce",
    "synonyms": [
      "sixteen ounce"
    ]
  },
  {
    "value": "twenty ounce",
    "synonyms": [
      "twenty ounce"
    ]
  }
]