[
  {
    "id": "82c4c22c-1b42-45c9-9e6b-4b852e1bf50f",
    "data": [
      {
        "text": "brew a ",
        "userDefined": false
      },
      {
        "text": "eight ounce",
        "alias": "size",
        "meta": "@size",
        "userDefined": true
      },
      {
        "text": " ",
        "userDefined": false
      },
      {
        "text": "dark roast",
        "alias": "roast",
        "meta": "@roast",
        "userDefined": true
      },
      {
        "text": " ",
        "userDefined": false
      },
      {
        "text": "drip coffee",
        "alias": "coffeeDrink",
        "meta": "@coffeeDrink",
        "userDefined": true
      },
      {
        "text": " with  ",
        "userDefined": false
      },
      {
        "text": "brown sugar",
        "alias": "sugarAmount",
        "meta": "@sugarAmount",
        "userDefined": true
      }
    ],
    "isTemplate": false,
    "count": 0
  },
  {
    "id": "d7451058-7080-4b63-84b2-67b9f0bfcf03",
    "data": [
      {
        "text": "I\u0027d like a ",
        "userDefined": false
      },
      {
        "text": "dark roast",
        "alias": "roast",
        "meta": "@roast",
        "userDefined": true
      },
      {
        "text": " ",
        "userDefined": false
      },
      {
        "text": "sixteen ounce",
        "alias": "size",
        "meta": "@size",
        "userDefined": true
      },
      {
        "text": " ",
        "userDefined": false
      },
      {
        "text": "double shot",
        "alias": "numberOfShots",
        "meta": "@numberOfShots",
        "userDefined": true
      },
      {
        "text": " ",
        "userDefined": false
      },
      {
        "text": "house coffee",
        "alias": "coffeeDrink",
        "meta": "@coffeeDrink",
        "userDefined": true
      }
    ],
    "isTemplate": false,
    "count": 0
  },
  {
    "id": "a9cab8f1-a44e-430b-bcbf-2ed998b03ef9",
    "data": [
      {
        "text": "get me a ",
        "userDefined": false
      },
      {
        "text": "twelve ounce",
        "alias": "size",
        "meta": "@size",
        "userDefined": true
      },
      {
        "text": " ",
        "userDefined": false
      },
      {
        "text": "latte",
        "alias": "coffeeDrink",
        "meta": "@coffeeDrink",
        "userDefined": true
      },
      {
        "text": " with ",
        "userDefined": false
      },
      {
        "text": "a lot of sugar",
        "alias": "sugarAmount",
        "meta": "@sugarAmount",
        "userDefined": true
      }
    ],
    "isTemplate": false,
    "count": 0
  },
  {
    "id": "e4316038-32db-4257-bbb9-d5f12e8a0e48",
    "data": [
      {
        "text": "I\u0027d like a ",
        "userDefined": false
      },
      {
        "text": "twenty ounce",
        "alias": "size",
        "meta": "@size",
        "userDefined": true
      },
      {
        "text": " ",
        "userDefined": false
      },
      {
        "text": "cappuccino",
        "alias": "coffeeDrink",
        "meta": "@coffeeDrink",
        "userDefined": true
      },
      {
        "text": " with ",
        "userDefined": false
      },
      {
        "text": "a bit of sweetener",
        "alias": "sugarAmount",
        "meta": "@sugarAmount",
        "userDefined": true
      }
    ],
    "isTemplate": false,
    "count": 0
  },
  {
    "id": "072a5384-b98d-4b14-a6ea-6b1cdec96dc2",
    "data": [
      {
        "text": "I\u0027d like an ",
        "userDefined": false
      },
      {
        "text": "americano",
        "alias": "coffeeDrink",
        "meta": "@coffeeDrink",
        "userDefined": true
      },
      {
        "text": " with  ",
        "userDefined": false
      },
      {
        "text": "sweetener",
        "alias": "sugarAmount",
        "meta": "@sugarAmount",
        "userDefined": true
      }
    ],
    "isTemplate": false,
    "count": 0
  },
  {
    "id": "73c3a9b1-a6d2-4c87-a990-a6868107a67e",
    "data": [
      {
        "text": "brew a ",
        "userDefined": false
      },
      {
        "text": "light roast",
        "alias": "roast",
        "meta": "@roast",
        "userDefined": true
      },
      {
        "text": " ",
        "userDefined": false
      },
      {
        "text": "mocha",
        "alias": "coffeeDrink",
        "meta": "@coffeeDrink",
        "userDefined": true
      },
      {
        "text": " with  ",
        "userDefined": false
      },
      {
        "text": "cream",
        "alias": "milkAmount",
        "meta": "@milkAmount",
        "userDefined": true
      }
    ],
    "isTemplate": false,
    "count": 0
  },
  {
    "id": "f33baab5-ee8b-4099-a502-070fad8e872d",
    "data": [
      {
        "text": "brew a ",
        "userDefined": false
      },
      {
        "text": "light roast",
        "alias": "roast",
        "meta": "@roast",
        "userDefined": true
      },
      {
        "text": " ",
        "userDefined": false
      },
      {
        "text": "twelve ounce",
        "alias": "size",
        "meta": "@size",
        "userDefined": true
      },
      {
        "text": " ",
        "userDefined": false
      },
      {
        "text": "double shot",
        "alias": "numberOfShots",
        "meta": "@numberOfShots",
        "userDefined": true
      },
      {
        "text": " ",
        "userDefined": false
      },
      {
        "text": "latte",
        "alias": "coffeeDrink",
        "meta": "@coffeeDrink",
        "userDefined": true
      },
      {
        "text": " with  ",
        "userDefined": false
      },
      {
        "text": "almond milk",
        "alias": "milkAmount",
        "meta": "@milkAmount",
        "userDefined": true
      }
    ],
    "isTemplate": false,
    "count": 0
  },
  {
    "id": "5a89435f-783d-456b-9444-84c29c3cbdad",
    "data": [
      {
        "text": "can I have a ",
        "userDefined": false
      },
      {
        "text": "medium roast",
        "alias": "roast",
        "meta": "@roast",
        "userDefined": true
      },
      {
        "text": " ",
        "userDefined": false
      },
      {
        "text": "single shot",
        "alias": "numberOfShots",
        "meta": "@numberOfShots",
        "userDefined": true
      },
      {
        "text": " ",
        "userDefined": false
      },
      {
        "text": "iced mocha",
        "alias": "coffeeDrink",
        "meta": "@coffeeDrink",
        "userDefined": true
      },
      {
        "text": " with ",
        "userDefined": false
      },
      {
        "text": "lots of skim milk",
        "alias": "milkAmount",
        "meta": "@milkAmount",
        "userDefined": true
      },
      {
        "text": " and  ",
        "userDefined": false
      },
      {
        "text": "sweetener",
        "alias": "sugarAmount",
        "meta": "@sugarAmount",
        "userDefined": true
      }
    ],
    "isTemplate": false,
    "count": 0
  },
  {
    "id": "563f977a-01cd-443f-8233-6481c8ddb562",
    "data": [
      {
        "text": "can I have a ",
        "userDefined": false
      },
      {
        "text": "medium roast",
        "alias": "roast",
        "meta": "@roast",
        "userDefined": true
      },
      {
        "text": " ",
        "userDefined": false
      },
      {
        "text": "double shot",
        "alias": "numberOfShots",
        "meta": "@numberOfShots",
        "userDefined": true
      },
      {
        "text": " ",
        "userDefined": false
      },
      {
        "text": "latte",
        "alias": "coffeeDrink",
        "meta": "@coffeeDrink",
        "userDefined": true
      },
      {
        "text": " with ",
        "userDefined": false
      },
      {
        "text": "a little bit of whole milk",
        "alias": "milkAmount",
        "meta": "@milkAmount",
        "userDefined": true
      }
    ],
    "isTemplate": false,
    "count": 0
  },
  {
    "id": "19055680-210a-4bf2-8a16-fb57576b98a4",
    "data": [
      {
        "text": "can I get a ",
        "userDefined": false
      },
      {
        "text": "dark roast",
        "alias": "roast",
        "meta": "@roast",
        "userDefined": true
      },
      {
        "text": " ",
        "userDefined": false
      },
      {
        "text": "eight ounce",
        "alias": "size",
        "meta": "@size",
        "userDefined": true
      },
      {
        "text": " ",
        "userDefined": false
      },
      {
        "text": "double shot",
        "alias": "numberOfShots",
        "meta": "@numberOfShots",
        "userDefined": true
      },
      {
        "text": " ",
        "userDefined": false
      },
      {
        "text": "drip coffee",
        "alias": "coffeeDrink",
        "meta": "@coffeeDrink",
        "userDefined": true
      },
      {
        "text": " with ",
        "userDefined": false
      },
      {
        "text": "a lot of brown sugar",
        "alias": "sugarAmount",
        "meta": "@sugarAmount",
        "userDefined": true
      }
    ],
    "isTemplate": false,
    "count": 0
  },
  {
    "id": "8bc0eade-da91-404a-b607-3f77316b6506",
    "data": [
      {
        "text": "I\u0027d like a ",
        "userDefined": false
      },
      {
        "text": "twenty ounce",
        "alias": "size",
        "meta": "@size",
        "userDefined": true
      },
      {
        "text": " ",
        "userDefined": false
      },
      {
        "text": "single shot",
        "alias": "numberOfShots",
        "meta": "@numberOfShots",
        "userDefined": true
      },
      {
        "text": " ",
        "userDefined": false
      },
      {
        "text": "coffee",
        "alias": "coffeeDrink",
        "meta": "@coffeeDrink",
        "userDefined": true
      },
      {
        "text": " with ",
        "userDefined": false
      },
      {
        "text": "lots of milk",
        "alias": "milkAmount",
        "meta": "@milkAmount",
        "userDefined": true
      }
    ],
    "isTemplate": false,
    "count": 0
  },
  {
    "id": "3ea410f6-f69e-4fd9-9a40-f5398aacbcba",
    "data": [
      {
        "text": "can I get a ",
        "userDefined": false
      },
      {
        "text": "large",
        "alias": "size",
        "meta": "@size",
        "userDefined": true
      },
      {
        "text": " ",
        "userDefined": false
      },
      {
        "text": "dark roast",
        "alias": "roast",
        "meta": "@roast",
        "userDefined": true
      },
      {
        "text": " ",
        "userDefined": false
      },
      {
        "text": "latte",
        "alias": "coffeeDrink",
        "meta": "@coffeeDrink",
        "userDefined": true
      },
      {
        "text": " with ",
        "userDefined": false
      },
      {
        "text": "some almond milk",
        "alias": "milkAmount",
        "meta": "@milkAmount",
        "userDefined": true
      },
      {
        "text": " and ",
        "userDefined": false
      },
      {
        "text": "some sweetener",
        "alias": "sugarAmount",
        "meta": "@sugarAmount",
        "userDefined": true
      }
    ],
    "isTemplate": false,
    "count": 0
  },
  {
    "id": "6d0ad4a3-0694-41f4-9a5b-bc03d9ad9123",
    "data": [
      {
        "text": "can I have a ",
        "userDefined": false
      },
      {
        "text": "medium",
        "alias": "size",
        "meta": "@size",
        "userDefined": true
      },
      {
        "text": " ",
        "userDefined": false
      },
      {
        "text": "americano",
        "alias": "coffeeDrink",
        "meta": "@coffeeDrink",
        "userDefined": true
      }
    ],
    "isTemplate": false,
    "count": 0
  },
  {
    "id": "325ad455-d94a-47b3-8087-a343ae35656f",
    "data": [
      {
        "text": "give me a ",
        "userDefined": false
      },
      {
        "text": "dark roast",
        "alias": "roast",
        "meta": "@roast",
        "userDefined": true
      },
      {
        "text": " ",
        "userDefined": false
      },
      {
        "text": "medium",
        "alias": "size",
        "meta": "@size",
        "userDefined": true
      },
      {
        "text": " ",
        "userDefined": false
      },
      {
        "text": "iced mocha",
        "alias": "coffeeDrink",
        "meta": "@coffeeDrink",
        "userDefined": true
      }
    ],
    "isTemplate": false,
    "count": 0
  },
  {
    "id": "949c7717-0949-4f93-9f3b-34cf739c1bf4",
    "data": [
      {
        "text": "brew a ",
        "userDefined": false
      },
      {
        "text": "sixteen ounce",
        "alias": "size",
        "meta": "@size",
        "userDefined": true
      },
      {
        "text": " ",
        "userDefined": false
      },
      {
        "text": "espresso",
        "alias": "coffeeDrink",
        "meta": "@coffeeDrink",
        "userDefined": true
      }
    ],
    "isTemplate": false,
    "count": 0
  },
  {
    "id": "faa8467a-9a9f-4895-a69d-d534cd127519",
    "data": [
      {
        "text": "make me a ",
        "userDefined": false
      },
      {
        "text": "small",
        "alias": "size",
        "meta": "@size",
        "userDefined": true
      },
      {
        "text": " ",
        "userDefined": false
      },
      {
        "text": "latte",
        "alias": "coffeeDrink",
        "meta": "@coffeeDrink",
        "userDefined": true
      },
      {
        "text": " with  ",
        "userDefined": false
      },
      {
        "text": "soy milk",
        "alias": "milkAmount",
        "meta": "@milkAmount",
        "userDefined": true
      }
    ],
    "isTemplate": false,
    "count": 0
  },
  {
    "id": "8fc56942-9d6f-43b6-ad74-1cdfc5d65016",
    "data": [
      {
        "text": "I want a ",
        "userDefined": false
      },
      {
        "text": "single shot",
        "alias": "numberOfShots",
        "meta": "@numberOfShots",
        "userDefined": true
      },
      {
        "text": " ",
        "userDefined": false
      },
      {
        "text": "iced coffee",
        "alias": "coffeeDrink",
        "meta": "@coffeeDrink",
        "userDefined": true
      },
      {
        "text": " with ",
        "userDefined": false
      },
      {
        "text": "some almond milk",
        "alias": "milkAmount",
        "meta": "@milkAmount",
        "userDefined": true
      }
    ],
    "isTemplate": false,
    "count": 0
  },
  {
    "id": "aada33eb-31f9-4297-8431-487aed651398",
    "data": [
      {
        "text": "give me a ",
        "userDefined": false
      },
      {
        "text": "medium",
        "alias": "size",
        "meta": "@size",
        "userDefined": true
      },
      {
        "text": " ",
        "userDefined": false
      },
      {
        "text": "light roast",
        "alias": "roast",
        "meta": "@roast",
        "userDefined": true
      },
      {
        "text": " ",
        "userDefined": false
      },
      {
        "text": "single shot",
        "alias": "numberOfShots",
        "meta": "@numberOfShots",
        "userDefined": true
      },
      {
        "text": " ",
        "userDefined": false
      },
      {
        "text": "latte",
        "alias": "coffeeDrink",
        "meta": "@coffeeDrink",
        "userDefined": true
      },
      {
        "text": " with ",
        "userDefined": false
      },
      {
        "text": "a little bit of milk",
        "alias": "milkAmount",
        "meta": "@milkAmount",
        "userDefined": true
      }
    ],
    "isTemplate": false,
    "count": 0
  },
  {
    "id": "f744fe11-8afb-4621-a177-d3c7a850ac9b",
    "data": [
      {
        "text": "can I have a ",
        "userDefined": false
      },
      {
        "text": "medium",
        "alias": "size",
        "meta": "@size",
        "userDefined": true
      },
      {
        "text": " ",
        "userDefined": false
      },
      {
        "text": "mocha",
        "alias": "coffeeDrink",
        "meta": "@coffeeDrink",
        "userDefined": true
      },
      {
        "text": " with ",
        "userDefined": false
      },
      {
        "text": "a little bit of brown sugar",
        "alias": "sugarAmount",
        "meta": "@sugarAmount",
        "userDefined": true
      }
    ],
    "isTemplate": false,
    "count": 0
  },
  {
    "id": "ed9741b5-45b8-4da3-b88f-2ad0ff8c697f",
    "data": [
      {
        "text": "may I have a ",
        "userDefined": false
      },
      {
        "text": "triple shot",
        "alias": "numberOfShots",
        "meta": "@numberOfShots",
        "userDefined": true
      },
      {
        "text": " ",
        "userDefined": false
      },
      {
        "text": "americano",
        "alias": "coffeeDrink",
        "meta": "@coffeeDrink",
        "userDefined": true
      }
    ],
    "isTemplate": false,
    "count": 0
  },
  {
    "id": "f09e23e4-3b50-41b6-8fc6-27ab044dd98d",
    "data": [
      {
        "text": "get me a ",
        "userDefined": false
      },
      {
        "text": "cappuccino",
        "alias": "coffeeDrink",
        "meta": "@coffeeDrink",
        "userDefined": true
      },
      {
        "text": " with ",
        "userDefined": false
      },
      {
        "text": "a bit of sugar",
        "alias": "sugarAmount",
        "meta": "@sugarAmount",
        "userDefined": true
      }
    ],
    "isTemplate": false,
    "count": 0
  },
  {
    "id": "b4552112-c651-451e-9195-0d47a9234774",
    "data": [
      {
        "text": "may I have a ",
        "userDefined": false
      },
      {
        "text": "cappuccino",
        "alias": "coffeeDrink",
        "meta": "@coffeeDrink",
        "userDefined": true
      },
      {
        "text": " with ",
        "userDefined": false
      },
      {
        "text": "lots of skim milk",
        "alias": "milkAmount",
        "meta": "@milkAmount",
        "userDefined": true
      },
      {
        "text": " and  ",
        "userDefined": false
      },
      {
        "text": "brown sugar",
        "alias": "sugarAmount",
        "meta": "@sugarAmount",
        "userDefined": true
      }
    ],
    "isTemplate": false,
    "count": 0
  },
  {
    "id": "f5df5e1d-d616-431b-b44a-43f8a0f765f0",
    "data": [
      {
        "text": "brew a ",
        "userDefined": false
      },
      {
        "text": "americano",
        "alias": "coffeeDrink",
        "meta": "@coffeeDrink",
        "userDefined": true
      }
    ],
    "isTemplate": false,
    "count": 0
  },
  {
    "id": "44f7c0d6-9a59-44de-a040-b7e658ab6185",
    "data": [
      {
        "text": "get me a ",
        "userDefined": false
      },
      {
        "text": "sixteen ounce",
        "alias": "size",
        "meta": "@size",
        "userDefined": true
      },
      {
        "text": " ",
        "userDefined": false
      },
      {
        "text": "cappuccino",
        "alias": "coffeeDrink",
        "meta": "@coffeeDrink",
        "userDefined": true
      },
      {
        "text": " with ",
        "userDefined": false
      },
      {
        "text": "a lot of sweetener",
        "alias": "sugarAmount",
        "meta": "@sugarAmount",
        "userDefined": true
      },
      {
        "text": " and  ",
        "userDefined": false
      },
      {
        "text": "soy milk",
        "alias": "milkAmount",
        "meta": "@milkAmount",
        "userDefined": true
      }
    ],
    "isTemplate": false,
    "count": 0
  },
  {
    "id": "81737f2c-2bc7-48ab-b8c7-c0eb2f0a2dd5",
    "data": [
      {
        "text": "can I get a ",
        "userDefined": false
      },
      {
        "text": "single shot",
        "alias": "numberOfShots",
        "meta": "@numberOfShots",
        "userDefined": true
      },
      {
        "text": " ",
        "userDefined": false
      },
      {
        "text": "medium",
        "alias": "size",
        "meta": "@size",
        "userDefined": true
      },
      {
        "text": " ",
        "userDefined": false
      },
      {
        "text": "iced coffee",
        "alias": "coffeeDrink",
        "meta": "@coffeeDrink",
        "userDefined": true
      },
      {
        "text": " with ",
        "userDefined": false
      },
      {
        "text": "lots of brown sugar",
        "alias": "sugarAmount",
        "meta": "@sugarAmount",
        "userDefined": true
      }
    ],
    "isTemplate": false,
    "count": 0
  },
  {
    "id": "b0d62cbd-6e06-4b4c-97ee-0fc296210722",
    "data": [
      {
        "text": "can I get a ",
        "userDefined": false
      },
      {
        "text": "double shot",
        "alias": "numberOfShots",
        "meta": "@numberOfShots",
        "userDefined": true
      },
      {
        "text": " ",
        "userDefined": false
      },
      {
        "text": "coffee",
        "alias": "coffeeDrink",
        "meta": "@coffeeDrink",
        "userDefined": true
      },
      {
        "text": " with  ",
        "userDefined": false
      },
      {
        "text": "cream",
        "alias": "milkAmount",
        "meta": "@milkAmount",
        "userDefined": true
      },
      {
        "text": " and ",
        "userDefined": false
      },
      {
        "text": "some sweetener",
        "alias": "sugarAmount",
        "meta": "@sugarAmount",
        "userDefined": true
      }
    ],
    "isTemplate": false,
    "count": 0
  },
  {
    "id": "55e36b7d-f244-4348-b099-777ce0cdf841",
    "data": [
      {
        "text": "I\u0027d like a ",
        "userDefined": false
      },
      {
        "text": "medium roast",
        "alias": "roast",
        "meta": "@roast",
        "userDefined": true
      },
      {
        "text": " ",
        "userDefined": false
      },
      {
        "text": "single shot",
        "alias": "numberOfShots",
        "meta": "@numberOfShots",
        "userDefined": true
      },
      {
        "text": " ",
        "userDefined": false
      },
      {
        "text": "house coffee",
        "alias": "coffeeDrink",
        "meta": "@coffeeDrink",
        "userDefined": true
      },
      {
        "text": " with ",
        "userDefined": false
      },
      {
        "text": "a lot of milk",
        "alias": "milkAmount",
        "meta": "@milkAmount",
        "userDefined": true
      },
      {
        "text": " and  ",
        "userDefined": false
      },
      {
        "text": "sugar",
        "alias": "sugarAmount",
        "meta": "@sugarAmount",
        "userDefined": true
      }
    ],
    "isTemplate": false,
    "count": 0
  },
  {
    "id": "767b0f86-2d04-4e18-9676-3f84eca0e833",
    "data": [
      {
        "text": "make me a ",
        "userDefined": false
      },
      {
        "text": "medium roast",
        "alias": "roast",
        "meta": "@roast",
        "userDefined": true
      },
      {
        "text": " ",
        "userDefined": false
      },
      {
        "text": "iced coffee",
        "alias": "coffeeDrink",
        "meta": "@coffeeDrink",
        "userDefined": true
      }
    ],
    "isTemplate": false,
    "count": 0
  },
  {
    "id": "618c7ff9-ef42-43b6-8286-0c46b42807fe",
    "data": [
      {
        "text": "I\u0027d like a ",
        "userDefined": false
      },
      {
        "text": "triple shot",
        "alias": "numberOfShots",
        "meta": "@numberOfShots",
        "userDefined": true
      },
      {
        "text": " ",
        "userDefined": false
      },
      {
        "text": "eight ounce",
        "alias": "size",
        "meta": "@size",
        "userDefined": true
      },
      {
        "text": " ",
        "userDefined": false
      },
      {
        "text": "espresso",
        "alias": "coffeeDrink",
        "meta": "@coffeeDrink",
        "userDefined": true
      },
      {
        "text": " with ",
        "userDefined": false
      },
      {
        "text": "a little bit of soy milk",
        "alias": "milkAmount",
        "meta": "@milkAmount",
        "userDefined": true
      },
      {
        "text": " and ",
        "userDefined": false
      },
      {
        "text": "some brown sugar",
        "alias": "sugarAmount",
        "meta": "@sugarAmount",
        "userDefined": true
      }
    ],
    "isTemplate": false,
    "count": 0
  },
  {
    "id": "390099e0-f1d2-4077-bdca-c9bb86087666",
    "data": [
      {
        "text": "can I have a ",
        "userDefined": false
      },
      {
        "text": "dark roast",
        "alias": "roast",
        "meta": "@roast",
        "userDefined": true
      },
      {
        "text": " ",
        "userDefined": false
      },
      {
        "text": "triple shot",
        "alias": "numberOfShots",
        "meta": "@numberOfShots",
        "userDefined": true
      },
      {
        "text": " ",
        "userDefined": false
      },
      {
        "text": "mocha",
        "alias": "coffeeDrink",
        "meta": "@coffeeDrink",
        "userDefined": true
      },
      {
        "text": " with ",
        "userDefined": false
      },
      {
        "text": "sweetener",
        "alias": "sugarAmount",
        "meta": "@sugarAmount",
        "userDefined": true
      }
    ],
    "isTemplate": false,
    "count": 0
  },
  {
    "id": "59ce9e7e-dfd9-4118-b4dd-7a7aa34e5944",
    "data": [
      {
        "text": "can I get a ",
        "userDefined": false
      },
      {
        "text": "light roast",
        "alias": "roast",
        "meta": "@roast",
        "userDefined": true
      },
      {
        "text": " ",
        "userDefined": false
      },
      {
        "text": "single shot",
        "alias": "numberOfShots",
        "meta": "@numberOfShots",
        "userDefined": true
      },
      {
        "text": " ",
        "userDefined": false
      },
      {
        "text": "cappuccino",
        "alias": "coffeeDrink",
        "meta": "@coffeeDrink",
        "userDefined": true
      }
    ],
    "isTemplate": false,
    "count": 0
  },
  {
    "id": "05533851-ab41-49f8-b74a-eb03ede110ee",
    "data": [
      {
        "text": "I want a ",
        "userDefined": false
      },
      {
        "text": "double shot",
        "alias": "numberOfShots",
        "meta": "@numberOfShots",
        "userDefined": true
      },
      {
        "text": " ",
        "userDefined": false
      },
      {
        "text": "espresso",
        "alias": "coffeeDrink",
        "meta": "@coffeeDrink",
        "userDefined": true
      },
      {
        "text": " with ",
        "userDefined": false
      },
      {
        "text": "brown sugar",
        "alias": "sugarAmount",
        "meta": "@sugarAmount",
        "userDefined": true
      }
    ],
    "isTemplate": false,
    "count": 0
  },
  {
    "id": "a0562a86-126a-4dc3-b8c5-cdbbebae475a",
    "data": [
      {
        "text": "I\u0027d like a ",
        "userDefined": false
      },
      {
        "text": "twelve ounce",
        "alias": "size",
        "meta": "@size",
        "userDefined": true
      },
      {
        "text": " ",
        "userDefined": false
      },
      {
        "text": "mocha",
        "alias": "coffeeDrink",
        "meta": "@coffeeDrink",
        "userDefined": true
      },
      {
        "text": " with ",
        "userDefined": false
      },
      {
        "text": "cream",
        "alias": "milkAmount",
        "meta": "@milkAmount",
        "userDefined": true
      },
      {
        "text": " and ",
        "userDefined": false
      },
      {
        "text": "lots of brown sugar",
        "alias": "sugarAmount",
        "meta": "@sugarAmount",
        "userDefined": true
      }
    ],
    "isTemplate": false,
    "count": 0
  },
  {
    "id": "dd0da53b-b46e-43a5-91d2-6bbe707d3793",
    "data": [
      {
        "text": "I want a ",
        "userDefined": false
      },
      {
        "text": "medium roast",
        "alias": "roast",
        "meta": "@roast",
        "userDefined": true
      },
      {
        "text": " ",
        "userDefined": false
      },
      {
        "text": "single shot",
        "alias": "numberOfShots",
        "meta": "@numberOfShots",
        "userDefined": true
      },
      {
        "text": " ",
        "userDefined": false
      },
      {
        "text": "drip coffee",
        "alias": "coffeeDrink",
        "meta": "@coffeeDrink",
        "userDefined": true
      },
      {
        "text": " with ",
        "userDefined": false
      },
      {
        "text": "a lot of milk",
        "alias": "milkAmount",
        "meta": "@milkAmount",
        "userDefined": true
      },
      {
        "text": " and ",
        "userDefined": false
      },
      {
        "text": "lots of brown sugar",
        "alias": "sugarAmount",
        "meta": "@sugarAmount",
        "userDefined": true
      }
    ],
    "isTemplate": false,
    "count": 0
  },
  {
    "id": "a920fbda-90ed-4862-8720-5c6a075a844a",
    "data": [
      {
        "text": "make me a ",
        "userDefined": false
      },
      {
        "text": "triple shot",
        "alias": "numberOfShots",
        "meta": "@numberOfShots",
        "userDefined": true
      },
      {
        "text": " ",
        "userDefined": false
      },
      {
        "text": "dark roast",
        "alias": "roast",
        "meta": "@roast",
        "userDefined": true
      },
      {
        "text": " ",
        "userDefined": false
      },
      {
        "text": "mocha",
        "alias": "coffeeDrink",
        "meta": "@coffeeDrink",
        "userDefined": true
      }
    ],
    "isTemplate": false,
    "count": 0
  },
  {
    "id": "71179ea7-6654-4213-897d-009760c15f87",
    "data": [
      {
        "text": "get me a ",
        "userDefined": false
      },
      {
        "text": "sixteen ounce",
        "alias": "size",
        "meta": "@size",
        "userDefined": true
      },
      {
        "text": " ",
        "userDefined": false
      },
      {
        "text": "triple shot",
        "alias": "numberOfShots",
        "meta": "@numberOfShots",
        "userDefined": true
      },
      {
        "text": " ",
        "userDefined": false
      },
      {
        "text": "iced coffee",
        "alias": "coffeeDrink",
        "meta": "@coffeeDrink",
        "userDefined": true
      },
      {
        "text": " with ",
        "userDefined": false
      },
      {
        "text": "a lot of brown sugar",
        "alias": "sugarAmount",
        "meta": "@sugarAmount",
        "userDefined": true
      },
      {
        "text": " and ",
        "userDefined": false
      },
      {
        "text": "skim milk",
        "alias": "milkAmount",
        "meta": "@milkAmount",
        "userDefined": true
      }
    ],
    "isTemplate": false,
    "count": 0
  },
  {
    "id": "9221fdf1-da1d-427a-b2d6-46c862579eb9",
    "data": [
      {
        "text": "make me a ",
        "userDefined": false
      },
      {
        "text": "double shot",
        "alias": "numberOfShots",
        "meta": "@numberOfShots",
        "userDefined": true
      },
      {
        "text": " ",
        "userDefined": false
      },
      {
        "text": "large",
        "alias": "size",
        "meta": "@size",
        "userDefined": true
      },
      {
        "text": " ",
        "userDefined": false
      },
      {
        "text": "espresso",
        "alias": "coffeeDrink",
        "meta": "@coffeeDrink",
        "userDefined": true
      },
      {
        "text": " with ",
        "userDefined": false
      },
      {
        "text": "whole milk",
        "alias": "milkAmount",
        "meta": "@milkAmount",
        "userDefined": true
      }
    ],
    "isTemplate": false,
    "count": 0
  },
  {
    "id": "69f8b8a6-7225-4ee0-8a51-c6a34a4b3069",
    "data": [
      {
        "text": "can I have a ",
        "userDefined": false
      },
      {
        "text": "single shot",
        "alias": "numberOfShots",
        "meta": "@numberOfShots",
        "userDefined": true
      },
      {
        "text": " ",
        "userDefined": false
      },
      {
        "text": "small",
        "alias": "size",
        "meta": "@size",
        "userDefined": true
      },
      {
        "text": " ",
        "userDefined": false
      },
      {
        "text": "espresso",
        "alias": "coffeeDrink",
        "meta": "@coffeeDrink",
        "userDefined": true
      },
      {
        "text": " with ",
        "userDefined": false
      },
      {
        "text": "some skim milk",
        "alias": "milkAmount",
        "meta": "@milkAmount",
        "userDefined": true
      }
    ],
    "isTemplate": false,
    "count": 0
  },
  {
    "id": "de1731be-a936-4ba0-b607-cfd79bfe6043",
    "data": [
      {
        "text": "give me a ",
        "userDefined": false
      },
      {
        "text": "small",
        "alias": "size",
        "meta": "@size",
        "userDefined": true
      },
      {
        "text": " ",
        "userDefined": false
      },
      {
        "text": "medium roast",
        "alias": "roast",
        "meta": "@roast",
        "userDefined": true
      },
      {
        "text": " ",
        "userDefined": false
      },
      {
        "text": "drip coffee",
        "alias": "coffeeDrink",
        "meta": "@coffeeDrink",
        "userDefined": true
      },
      {
        "text": " with ",
        "userDefined": false
      },
      {
        "text": "a little bit of sweetener",
        "alias": "sugarAmount",
        "meta": "@sugarAmount",
        "userDefined": true
      },
      {
        "text": " and ",
        "userDefined": false
      },
      {
        "text": "almond milk",
        "alias": "milkAmount",
        "meta": "@milkAmount",
        "userDefined": true
      }
    ],
    "isTemplate": false,
    "count": 0
  },
  {
    "id": "44f40d67-acb1-4639-9ef1-34898dec31b5",
    "data": [
      {
        "text": "can I have a ",
        "userDefined": false
      },
      {
        "text": "single shot",
        "alias": "numberOfShots",
        "meta": "@numberOfShots",
        "userDefined": true
      },
      {
        "text": " ",
        "userDefined": false
      },
      {
        "text": "small",
        "alias": "size",
        "meta": "@size",
        "userDefined": true
      },
      {
        "text": " ",
        "userDefined": false
      },
      {
        "text": "espresso",
        "alias": "coffeeDrink",
        "meta": "@coffeeDrink",
        "userDefined": true
      },
      {
        "text": " with ",
        "userDefined": false
      },
      {
        "text": "sugar",
        "alias": "sugarAmount",
        "meta": "@sugarAmount",
        "userDefined": true
      }
    ],
    "isTemplate": false,
    "count": 0
  },
  {
    "id": "f4b1296f-605d-4a5f-8e55-d6a8af557964",
    "data": [
      {
        "text": "give me a ",
        "userDefined": false
      },
      {
        "text": "single shot",
        "alias": "numberOfShots",
        "meta": "@numberOfShots",
        "userDefined": true
      },
      {
        "text": " ",
        "userDefined": false
      },
      {
        "text": "light roast",
        "alias": "roast",
        "meta": "@roast",
        "userDefined": true
      },
      {
        "text": " ",
        "userDefined": false
      },
      {
        "text": "large",
        "alias": "size",
        "meta": "@size",
        "userDefined": true
      },
      {
        "text": " ",
        "userDefined": false
      },
      {
        "text": "coffee",
        "alias": "coffeeDrink",
        "meta": "@coffeeDrink",
        "userDefined": true
      },
      {
        "text": " with ",
        "userDefined": false
      },
      {
        "text": "brown sugar",
        "alias": "sugarAmount",
        "meta": "@sugarAmount",
        "userDefined": true
      }
    ],
    "isTemplate": false,
    "count": 0
  },
  {
    "id": "0896e733-163f-4c65-bf65-424f3f95318a",
    "data": [
      {
        "text": "make me a ",
        "userDefined": false
      },
      {
        "text": "light roast",
        "alias": "roast",
        "meta": "@roast",
        "userDefined": true
      },
      {
        "text": " ",
        "userDefined": false
      },
      {
        "text": "eight ounce",
        "alias": "size",
        "meta": "@size",
        "userDefined": true
      },
      {
        "text": " ",
        "userDefined": false
      },
      {
        "text": "iced mocha",
        "alias": "coffeeDrink",
        "meta": "@coffeeDrink",
        "userDefined": true
      }
    ],
    "isTemplate": false,
    "count": 0
  },
  {
    "id": "74a1b021-8d1d-4f28-bafc-421a4d8ab792",
    "data": [
      {
        "text": "make me a ",
        "userDefined": false
      },
      {
        "text": "latte",
        "alias": "coffeeDrink",
        "meta": "@coffeeDrink",
        "userDefined": true
      }
    ],
    "isTemplate": false,
    "count": 0
  },
  {
    "id": "4bb69bad-432d-4a4a-a86e-2193836ed0e4",
    "data": [
      {
        "text": "I want a ",
        "userDefined": false
      },
      {
        "text": "twelve ounce",
        "alias": "size",
        "meta": "@size",
        "userDefined": true
      },
      {
        "text": " ",
        "userDefined": false
      },
      {
        "text": "mocha",
        "alias": "coffeeDrink",
        "meta": "@coffeeDrink",
        "userDefined": true
      }
    ],
    "isTemplate": false,
    "count": 0
  },
  {
    "id": "fad4fa61-ea16-4578-b7dd-65e31ace9829",
    "data": [
      {
        "text": "can I get a ",
        "userDefined": false
      },
      {
        "text": "sixteen ounce",
        "alias": "size",
        "meta": "@size",
        "userDefined": true
      },
      {
        "text": " ",
        "userDefined": false
      },
      {
        "text": "coffee",
        "alias": "coffeeDrink",
        "meta": "@coffeeDrink",
        "userDefined": true
      },
      {
        "text": " with ",
        "userDefined": false
      },
      {
        "text": "some soy milk",
        "alias": "milkAmount",
        "meta": "@milkAmount",
        "userDefined": true
      }
    ],
    "isTemplate": false,
    "count": 0
  },
  {
    "id": "615762e9-ae46-4e8c-868e-ba040f7057f3",
    "data": [
      {
        "text": "I\u0027d like a ",
        "userDefined": false
      },
      {
        "text": "dark roast",
        "alias": "roast",
        "meta": "@roast",
        "userDefined": true
      },
      {
        "text": " ",
        "userDefined": false
      },
      {
        "text": "drip coffee",
        "alias": "coffeeDrink",
        "meta": "@coffeeDrink",
        "userDefined": true
      }
    ],
    "isTemplate": false,
    "count": 0
  },
  {
    "id": "4bf38d54-59bb-4271-87ce-e8ed47989b4e",
    "data": [
      {
        "text": "get me a ",
        "userDefined": false
      },
      {
        "text": "coffee",
        "alias": "coffeeDrink",
        "meta": "@coffeeDrink",
        "userDefined": true
      },
      {
        "text": " with ",
        "userDefined": false
      },
      {
        "text": "lots of brown sugar",
        "alias": "sugarAmount",
        "meta": "@sugarAmount",
        "userDefined": true
      },
      {
        "text": " and ",
        "userDefined": false
      },
      {
        "text": "milk",
        "alias": "milkAmount",
        "meta": "@milkAmount",
        "userDefined": true
      }
    ],
    "isTemplate": false,
    "count": 0
  },
  {
    "id": "c84920c3-94b7-48bb-b2a8-63e56137e9b5",
    "data": [
      {
        "text": "may I have a ",
        "userDefined": false
      },
      {
        "text": "medium roast",
        "alias": "roast",
        "meta": "@roast",
        "userDefined": true
      },
      {
        "text": " ",
        "userDefined": false
      },
      {
        "text": "single shot",
        "alias": "numberOfShots",
        "meta": "@numberOfShots",
        "userDefined": true
      },
      {
        "text": " ",
        "userDefined": false
      },
      {
        "text": "mocha",
        "alias": "coffeeDrink",
        "meta": "@coffeeDrink",
        "userDefined": true
      },
      {
        "text": " with ",
        "userDefined": false
      },
      {
        "text": "a little bit of whole milk",
        "alias": "milkAmount",
        "meta": "@milkAmount",
        "userDefined": true
      },
      {
        "text": " and ",
        "userDefined": false
      },
      {
        "text": "sweetener",
        "alias": "sugarAmount",
        "meta": "@sugarAmount",
        "userDefined": true
      }
    ],
    "isTemplate": false,
    "count": 0
  },
  {
    "id": "22e01123-5329-4f7d-929d-07748c1433eb",
    "data": [
      {
        "text": "make me a ",
        "userDefined": false
      },
      {
        "text": "double shot",
        "alias": "numberOfShots",
        "meta": "@numberOfShots",
        "userDefined": true
      },
      {
        "text": " ",
        "userDefined": false
      },
      {
        "text": "espresso",
        "alias": "coffeeDrink",
        "meta": "@coffeeDrink",
        "userDefined": true
      }
    ],
    "isTemplate": false,
    "count": 0
  },
  {
    "id": "ff0a0307-1c9e-46e4-bdfc-ea1350465ec9",
    "data": [
      {
        "text": "can I have a ",
        "userDefined": false
      },
      {
        "text": "coffee",
        "alias": "coffeeDrink",
        "meta": "@coffeeDrink",
        "userDefined": true
      }
    ],
    "isTemplate": false,
    "count": 0
  }
]