[
  {
    "value": "americano",
    "synonyms": [
      "americano"
    ]
  },
  {
    "value": "cappuccino",
    "synonyms": [
      "cappuccino"
    ]
  },
  {
    "value": "espresso",
    "synonyms": [
      "espresso"
    ]
  },
  {
    "value": "iced mocha",
    "synonyms": [
      "iced mocha"
    ]
  },
  {
    "value": "latte",
    "synonyms": [
      "latte"
    ]
  },
  {
    "value": "mocha",
    "synonyms": [
      "mocha"
    ]
  },
  {
    "value": "coffee",
    "synonyms": [
      "coffee"
    ]
  },
  {
    "value": "drip coffee",
    "synonyms": [
      "drip coffee"
    ]
  },
  {
    "value": "house coffee",
    "synonyms": [
      "house coffee"
    ]
  },
  {
    "value": "iced coffee",
    "synonyms": [
      "iced coffee"
    ]
  }
]